"GENE_SYMBOL","CYTOBAND","GENE_CNVs","SEQUENCE","FoldChange_Median_AD_2_ctrl"
"AHNAK","hs|11q12.3",5,"GAAAAGTAACATTCCCTAAAATGAAGATCCCCAAATTTACCTTCTCTGGCCGTGAGCTGG",1.10655031007423
"AHNAK","hs|11q12.3",5,"AAGGCCCCAGTTTGGACATTGACACACCTGATGTCAATATTGAAGGTCCGGAAGGAAAAT",1.10655031007423
"AHNAK","hs|11q12.3",5,"GTGCATTTCTTTACTTGCAAGGGGACAGAGTGTGGGCTTAGGTTTGGGACTAGAGGGGGC",1.10655031007423
"AHNAK","hs|11q12.3",5,"ATTTCCAGCACTTTAATGGCCAATTAACTGAGAATGTAAGAAAATTGATGCTGTACAAGG",1.10655031007423
"AHNAK","hs|11q12.3",5,"TCTGTGCCCAAGGTAGAAGGTGAAATGAAAGTGCCAGATGTTGACATTAAAGGGCCCAAA",1.10655031007423
"AHNAK","hs|11q12.3",5,"GAAAAGTAACATTCCCTAAAATGAAGATCCCCAAATTTACCTTCTCTGGCCGTGAGCTGG",1.10655031007423
"AHNAK","hs|11q12.3",5,"AAGGCCCCAGTTTGGACATTGACACACCTGATGTCAATATTGAAGGTCCGGAAGGAAAAT",1.10655031007423
"AHNAK","hs|11q12.3",5,"GTGCATTTCTTTACTTGCAAGGGGACAGAGTGTGGGCTTAGGTTTGGGACTAGAGGGGGC",1.10655031007423
"AHNAK","hs|11q12.3",5,"ATTTCCAGCACTTTAATGGCCAATTAACTGAGAATGTAAGAAAATTGATGCTGTACAAGG",1.10655031007423
"AHNAK","hs|11q12.3",5,"TCTGTGCCCAAGGTAGAAGGTGAAATGAAAGTGCCAGATGTTGACATTAAAGGGCCCAAA",1.10655031007423
"AHNAK","hs|11q12.3",5,"GAAAAGTAACATTCCCTAAAATGAAGATCCCCAAATTTACCTTCTCTGGCCGTGAGCTGG",1.10655031007423
"AHNAK","hs|11q12.3",5,"AAGGCCCCAGTTTGGACATTGACACACCTGATGTCAATATTGAAGGTCCGGAAGGAAAAT",1.10655031007423
"AHNAK","hs|11q12.3",5,"GTGCATTTCTTTACTTGCAAGGGGACAGAGTGTGGGCTTAGGTTTGGGACTAGAGGGGGC",1.10655031007423
"AHNAK","hs|11q12.3",5,"ATTTCCAGCACTTTAATGGCCAATTAACTGAGAATGTAAGAAAATTGATGCTGTACAAGG",1.10655031007423
"AHNAK","hs|11q12.3",5,"TCTGTGCCCAAGGTAGAAGGTGAAATGAAAGTGCCAGATGTTGACATTAAAGGGCCCAAA",1.10655031007423
"AHNAK","hs|11q12.3",5,"GAAAAGTAACATTCCCTAAAATGAAGATCCCCAAATTTACCTTCTCTGGCCGTGAGCTGG",1.10655031007423
"AHNAK","hs|11q12.3",5,"AAGGCCCCAGTTTGGACATTGACACACCTGATGTCAATATTGAAGGTCCGGAAGGAAAAT",1.10655031007423
"AHNAK","hs|11q12.3",5,"GTGCATTTCTTTACTTGCAAGGGGACAGAGTGTGGGCTTAGGTTTGGGACTAGAGGGGGC",1.10655031007423
"AHNAK","hs|11q12.3",5,"ATTTCCAGCACTTTAATGGCCAATTAACTGAGAATGTAAGAAAATTGATGCTGTACAAGG",1.10655031007423
"AHNAK","hs|11q12.3",5,"TCTGTGCCCAAGGTAGAAGGTGAAATGAAAGTGCCAGATGTTGACATTAAAGGGCCCAAA",1.10655031007423
"AHNAK","hs|11q12.3",5,"GAAAAGTAACATTCCCTAAAATGAAGATCCCCAAATTTACCTTCTCTGGCCGTGAGCTGG",1.10655031007423
"AHNAK","hs|11q12.3",5,"AAGGCCCCAGTTTGGACATTGACACACCTGATGTCAATATTGAAGGTCCGGAAGGAAAAT",1.10655031007423
"AHNAK","hs|11q12.3",5,"GTGCATTTCTTTACTTGCAAGGGGACAGAGTGTGGGCTTAGGTTTGGGACTAGAGGGGGC",1.10655031007423
"AHNAK","hs|11q12.3",5,"ATTTCCAGCACTTTAATGGCCAATTAACTGAGAATGTAAGAAAATTGATGCTGTACAAGG",1.10655031007423
"AHNAK","hs|11q12.3",5,"TCTGTGCCCAAGGTAGAAGGTGAAATGAAAGTGCCAGATGTTGACATTAAAGGGCCCAAA",1.10655031007423
"CALD1","hs|7q33",4,"CCGTTGATCTTGTCAGAATTAGGTTGTATATGCATGTAATACCATGATCAACTATTTTCC",1.12384215134819
"CALD1","hs|7q33",4,"TTCCTTGTTTACTGGTTTGACTATAATTCTCTGTTATCTTTACGAGGTAAAACTGCAAGC",1.12384215134819
"CALD1","hs|7q33",4,"CCATGCTGTGAAATAGAGACTTTTCTACTGATCATCATAACTCTGTATCTGAGCAGTGAT",1.12384215134819
"CALD1","hs|7q33",4,"TCAGCACTTTAACTTGTAAACTGAAAAGTTTACCATCATCTGTATGACATCCTAATGAGG",1.12384215134819
"CALD1","hs|7q33",4,"CCGTTGATCTTGTCAGAATTAGGTTGTATATGCATGTAATACCATGATCAACTATTTTCC",1.12384215134819
"CALD1","hs|7q33",4,"TTCCTTGTTTACTGGTTTGACTATAATTCTCTGTTATCTTTACGAGGTAAAACTGCAAGC",1.12384215134819
"CALD1","hs|7q33",4,"CCATGCTGTGAAATAGAGACTTTTCTACTGATCATCATAACTCTGTATCTGAGCAGTGAT",1.12384215134819
"CALD1","hs|7q33",4,"TCAGCACTTTAACTTGTAAACTGAAAAGTTTACCATCATCTGTATGACATCCTAATGAGG",1.12384215134819
"CALD1","hs|7q33",4,"CCGTTGATCTTGTCAGAATTAGGTTGTATATGCATGTAATACCATGATCAACTATTTTCC",1.12384215134819
"CALD1","hs|7q33",4,"TTCCTTGTTTACTGGTTTGACTATAATTCTCTGTTATCTTTACGAGGTAAAACTGCAAGC",1.12384215134819
"CALD1","hs|7q33",4,"CCATGCTGTGAAATAGAGACTTTTCTACTGATCATCATAACTCTGTATCTGAGCAGTGAT",1.12384215134819
"CALD1","hs|7q33",4,"TCAGCACTTTAACTTGTAAACTGAAAAGTTTACCATCATCTGTATGACATCCTAATGAGG",1.12384215134819
"CALD1","hs|7q33",4,"CCGTTGATCTTGTCAGAATTAGGTTGTATATGCATGTAATACCATGATCAACTATTTTCC",1.12384215134819
"CALD1","hs|7q33",4,"TTCCTTGTTTACTGGTTTGACTATAATTCTCTGTTATCTTTACGAGGTAAAACTGCAAGC",1.12384215134819
"CALD1","hs|7q33",4,"CCATGCTGTGAAATAGAGACTTTTCTACTGATCATCATAACTCTGTATCTGAGCAGTGAT",1.12384215134819
"CALD1","hs|7q33",4,"TCAGCACTTTAACTTGTAAACTGAAAAGTTTACCATCATCTGTATGACATCCTAATGAGG",1.12384215134819
"DCLK1","hs|13q13.3",4,"TTCAAACAATTTGTGTCCTTAATTAAAGGTGGAATGAGATCCAATTTTTCCCCCTAATCC",0.877701251757037
"DCLK1","hs|13q13.3",4,"TGGGGTTCCTAGGACGTCAGAAGGAATCTTTAGTTTGTATGTAATTACACACTAGAGGAG",0.877701251757037
"DCLK1","hs|13q13.3",4,"AAATGTTTTTACCGTAGCCCTCATCTAACTTACACGTGGTGCATATTAAAATAAGCAGAG",0.877701251757037
"DCLK1","hs|13q13.3",4,"ACGGGTTTACCATCAAGAGATCAGGGTCTTTGGACTACTACCAGCAACCAGGAATGTATT",0.877701251757037
"DCLK1","hs|13q13.3",4,"TTCAAACAATTTGTGTCCTTAATTAAAGGTGGAATGAGATCCAATTTTTCCCCCTAATCC",0.877701251757037
"DCLK1","hs|13q13.3",4,"TGGGGTTCCTAGGACGTCAGAAGGAATCTTTAGTTTGTATGTAATTACACACTAGAGGAG",0.877701251757037
"DCLK1","hs|13q13.3",4,"AAATGTTTTTACCGTAGCCCTCATCTAACTTACACGTGGTGCATATTAAAATAAGCAGAG",0.877701251757037
"DCLK1","hs|13q13.3",4,"ACGGGTTTACCATCAAGAGATCAGGGTCTTTGGACTACTACCAGCAACCAGGAATGTATT",0.877701251757037
"DCLK1","hs|13q13.3",4,"TTCAAACAATTTGTGTCCTTAATTAAAGGTGGAATGAGATCCAATTTTTCCCCCTAATCC",0.877701251757037
"DCLK1","hs|13q13.3",4,"TGGGGTTCCTAGGACGTCAGAAGGAATCTTTAGTTTGTATGTAATTACACACTAGAGGAG",0.877701251757037
"DCLK1","hs|13q13.3",4,"AAATGTTTTTACCGTAGCCCTCATCTAACTTACACGTGGTGCATATTAAAATAAGCAGAG",0.877701251757037
"DCLK1","hs|13q13.3",4,"ACGGGTTTACCATCAAGAGATCAGGGTCTTTGGACTACTACCAGCAACCAGGAATGTATT",0.877701251757037
"DCLK1","hs|13q13.3",4,"TTCAAACAATTTGTGTCCTTAATTAAAGGTGGAATGAGATCCAATTTTTCCCCCTAATCC",0.877701251757037
"DCLK1","hs|13q13.3",4,"TGGGGTTCCTAGGACGTCAGAAGGAATCTTTAGTTTGTATGTAATTACACACTAGAGGAG",0.877701251757037
"DCLK1","hs|13q13.3",4,"AAATGTTTTTACCGTAGCCCTCATCTAACTTACACGTGGTGCATATTAAAATAAGCAGAG",0.877701251757037
"DCLK1","hs|13q13.3",4,"ACGGGTTTACCATCAAGAGATCAGGGTCTTTGGACTACTACCAGCAACCAGGAATGTATT",0.877701251757037
"ELAVL4","hs|1p33",3,"ACAAGCCTTGTGGGAATGAACATCCCTGGTCACACAGGAACTGGGTGGTGCATCTTTGTC",0.887092588841239
"ELAVL4","hs|1p33",3,"GAAAATTCTGGTGATGGGAGAAGTGGAGCCACTTAAATTACTTACATGATGATAATTAGC",0.887092588841239
"ELAVL4","hs|1p33",3,"TGGATATAACACCAGATTTCAGTTCAGAGAACACTCGTTCAACATTCAGGGAAAGCTTTT",0.887092588841239
"ELAVL4","hs|1p33",3,"ACAAGCCTTGTGGGAATGAACATCCCTGGTCACACAGGAACTGGGTGGTGCATCTTTGTC",0.887092588841239
"ELAVL4","hs|1p33",3,"GAAAATTCTGGTGATGGGAGAAGTGGAGCCACTTAAATTACTTACATGATGATAATTAGC",0.887092588841239
"ELAVL4","hs|1p33",3,"TGGATATAACACCAGATTTCAGTTCAGAGAACACTCGTTCAACATTCAGGGAAAGCTTTT",0.887092588841239
"ELAVL4","hs|1p33",3,"ACAAGCCTTGTGGGAATGAACATCCCTGGTCACACAGGAACTGGGTGGTGCATCTTTGTC",0.887092588841239
"ELAVL4","hs|1p33",3,"GAAAATTCTGGTGATGGGAGAAGTGGAGCCACTTAAATTACTTACATGATGATAATTAGC",0.887092588841239
"ELAVL4","hs|1p33",3,"TGGATATAACACCAGATTTCAGTTCAGAGAACACTCGTTCAACATTCAGGGAAAGCTTTT",0.887092588841239
"EPHA4","hs|2q36.1",3,"AGATGCACGGCAGAATGGTTCCCGTCTGAGCCAGTACTGAATAAACTCAAAACTCTTGAA",0.875789011277063
"EPHA4","hs|2q36.1",3,"ACTTTTGGAGATGAACGTAGATATGTGTGTCAGCTTTGAGATGGTGTGTCCTGGATTAAT",0.875789011277063
"EPHA4","hs|2q36.1",3,"ATGGTGTGTCCTGGATTAATACTTTGTCTCCCAATATCACAGAAAAATACATGCCAGTGA",0.875789011277063
"EPHA4","hs|2q36.1",3,"AGATGCACGGCAGAATGGTTCCCGTCTGAGCCAGTACTGAATAAACTCAAAACTCTTGAA",0.875789011277063
"EPHA4","hs|2q36.1",3,"ACTTTTGGAGATGAACGTAGATATGTGTGTCAGCTTTGAGATGGTGTGTCCTGGATTAAT",0.875789011277063
"EPHA4","hs|2q36.1",3,"ATGGTGTGTCCTGGATTAATACTTTGTCTCCCAATATCACAGAAAAATACATGCCAGTGA",0.875789011277063
"EPHA4","hs|2q36.1",3,"AGATGCACGGCAGAATGGTTCCCGTCTGAGCCAGTACTGAATAAACTCAAAACTCTTGAA",0.875789011277063
"EPHA4","hs|2q36.1",3,"ACTTTTGGAGATGAACGTAGATATGTGTGTCAGCTTTGAGATGGTGTGTCCTGGATTAAT",0.875789011277063
"EPHA4","hs|2q36.1",3,"ATGGTGTGTCCTGGATTAATACTTTGTCTCCCAATATCACAGAAAAATACATGCCAGTGA",0.875789011277063
"GABRG2","hs|5q34",3,"CTTAGAATGCTTCAAGTTTAGTGCATGCATCTCTTTAGATCCAAAATAAATGGACTGAAG",0.890075186642894
"GABRG2","hs|5q34",3,"GCTGCTCCCTGTCTATGTATTTGGAAACCTTTTCACAAAGGGAATTGCCTAACATGTGGA",0.890075186642894
"GABRG2","hs|5q34",3,"GGTCTCCTACCTCTACCTGTGAGGAGGTATGGGTTTTACTGATATGGTTCTTATTCACTG",0.890075186642894
"GABRG2","hs|5q34",3,"CTTAGAATGCTTCAAGTTTAGTGCATGCATCTCTTTAGATCCAAAATAAATGGACTGAAG",0.890075186642894
"GABRG2","hs|5q34",3,"GCTGCTCCCTGTCTATGTATTTGGAAACCTTTTCACAAAGGGAATTGCCTAACATGTGGA",0.890075186642894
"GABRG2","hs|5q34",3,"GGTCTCCTACCTCTACCTGTGAGGAGGTATGGGTTTTACTGATATGGTTCTTATTCACTG",0.890075186642894
"GABRG2","hs|5q34",3,"CTTAGAATGCTTCAAGTTTAGTGCATGCATCTCTTTAGATCCAAAATAAATGGACTGAAG",0.890075186642894
"GABRG2","hs|5q34",3,"GCTGCTCCCTGTCTATGTATTTGGAAACCTTTTCACAAAGGGAATTGCCTAACATGTGGA",0.890075186642894
"GABRG2","hs|5q34",3,"GGTCTCCTACCTCTACCTGTGAGGAGGTATGGGTTTTACTGATATGGTTCTTATTCACTG",0.890075186642894
"GAD1","hs|2q31.1",3,"GAAGTAAGTTCTGAAAACTGTTTATGGTATTTTCGTGCATTTGTGAGCCAAAGAGAAAAG",0.891817993435397
"GAD1","hs|2q31.1",3,"CTTGGCTTTGGAACTGACAATGTGATTTTGATAAAGTGCAATGAAAGGGGGAAAATAATT",0.891817993435397
"GAD1","hs|2q31.1",3,"GTGATGGTAACTGCACACATGGTTTCCAAGGGTCTTCCTCCTAAATTTCCAGGGGCCTCC",0.891817993435397
"GAD1","hs|2q31.1",3,"GAAGTAAGTTCTGAAAACTGTTTATGGTATTTTCGTGCATTTGTGAGCCAAAGAGAAAAG",0.891817993435397
"GAD1","hs|2q31.1",3,"CTTGGCTTTGGAACTGACAATGTGATTTTGATAAAGTGCAATGAAAGGGGGAAAATAATT",0.891817993435397
"GAD1","hs|2q31.1",3,"GTGATGGTAACTGCACACATGGTTTCCAAGGGTCTTCCTCCTAAATTTCCAGGGGCCTCC",0.891817993435397
"GAD1","hs|2q31.1",3,"GAAGTAAGTTCTGAAAACTGTTTATGGTATTTTCGTGCATTTGTGAGCCAAAGAGAAAAG",0.891817993435397
"GAD1","hs|2q31.1",3,"CTTGGCTTTGGAACTGACAATGTGATTTTGATAAAGTGCAATGAAAGGGGGAAAATAATT",0.891817993435397
"GAD1","hs|2q31.1",3,"GTGATGGTAACTGCACACATGGTTTCCAAGGGTCTTCCTCCTAAATTTCCAGGGGCCTCC",0.891817993435397
"KIAA1107","hs|1p22.1",3,"AAGACTTAAGTTTAGCACAGTATCTAATCAATCAGACACTACTTTTAGCACGAGATAGCT",0.866435960751149
"KIAA1107","hs|1p22.1",3,"TGTTGGAGTTATCTCTCTACTAATAAAAAGATGAAATCTGATGGATTAGGAGCATCTGGA",0.866435960751149
"KIAA1107","hs|1p22.1",3,"AAATCGGAAGAATAAGGAGGTCTTTAAAGTTGTACTTTTTCGTTTGTTTGTCCTTGCTTG",0.866435960751149
"KIAA1107","hs|1p22.1",3,"AAGACTTAAGTTTAGCACAGTATCTAATCAATCAGACACTACTTTTAGCACGAGATAGCT",0.866435960751149
"KIAA1107","hs|1p22.1",3,"TGTTGGAGTTATCTCTCTACTAATAAAAAGATGAAATCTGATGGATTAGGAGCATCTGGA",0.866435960751149
"KIAA1107","hs|1p22.1",3,"AAATCGGAAGAATAAGGAGGTCTTTAAAGTTGTACTTTTTCGTTTGTTTGTCCTTGCTTG",0.866435960751149
"KIAA1107","hs|1p22.1",3,"AAGACTTAAGTTTAGCACAGTATCTAATCAATCAGACACTACTTTTAGCACGAGATAGCT",0.866435960751149
"KIAA1107","hs|1p22.1",3,"TGTTGGAGTTATCTCTCTACTAATAAAAAGATGAAATCTGATGGATTAGGAGCATCTGGA",0.866435960751149
"KIAA1107","hs|1p22.1",3,"AAATCGGAAGAATAAGGAGGTCTTTAAAGTTGTACTTTTTCGTTTGTTTGTCCTTGCTTG",0.866435960751149
"PNMAL1","hs|19q13.32",3,"ATGTCTGCCTAGACCTCAAAGTCTTTGAGTTTTAGAGTCTGTTAGTAAAAATGGCACTTT",0.891359273944846
"PNMAL1","hs|19q13.32",3,"GGCTTCGTTGTGTTAACAAGTTGACACCATGACTAGTAAATGTAAACGTGTATGTATAAA",0.891359273944846
"PNMAL1","hs|19q13.32",3,"AGGAAGAAGAAGAAGGTGAGCTTGGGCCCTGTCTCCTACGTCTTGGTTGACTCAGAAGAT",0.891359273944846
"PNMAL1","hs|19q13.32",3,"ATGTCTGCCTAGACCTCAAAGTCTTTGAGTTTTAGAGTCTGTTAGTAAAAATGGCACTTT",0.891359273944846
"PNMAL1","hs|19q13.32",3,"GGCTTCGTTGTGTTAACAAGTTGACACCATGACTAGTAAATGTAAACGTGTATGTATAAA",0.891359273944846
"PNMAL1","hs|19q13.32",3,"AGGAAGAAGAAGAAGGTGAGCTTGGGCCCTGTCTCCTACGTCTTGGTTGACTCAGAAGAT",0.891359273944846
"PNMAL1","hs|19q13.32",3,"ATGTCTGCCTAGACCTCAAAGTCTTTGAGTTTTAGAGTCTGTTAGTAAAAATGGCACTTT",0.891359273944846
"PNMAL1","hs|19q13.32",3,"GGCTTCGTTGTGTTAACAAGTTGACACCATGACTAGTAAATGTAAACGTGTATGTATAAA",0.891359273944846
"PNMAL1","hs|19q13.32",3,"AGGAAGAAGAAGAAGGTGAGCTTGGGCCCTGTCTCCTACGTCTTGGTTGACTCAGAAGAT",0.891359273944846
"PRKCB","hs|16p12.1",3,"CTTTAACAACTTGACAAATGTCCTTGAAGTAAGATGCCTCATCTTTAGGGAAAAATGGGG",0.895689476226363
"PRKCB","hs|16p12.1",3,"TTCAAGCTCAACGGCTATTGTGGTGACATTTTTATGTTTTCATTGCCAAGTTGCATCCAT",0.895689476226363
"PRKCB","hs|16p12.1",3,"CCTCACTTTGATGTTGTTTTGCAAGATGTTTGTGGAAATGTTCATTTGTATCTGGATCTC",0.895689476226363
"PRKCB","hs|16p12.1",3,"CTTTAACAACTTGACAAATGTCCTTGAAGTAAGATGCCTCATCTTTAGGGAAAAATGGGG",0.895689476226363
"PRKCB","hs|16p12.1",3,"TTCAAGCTCAACGGCTATTGTGGTGACATTTTTATGTTTTCATTGCCAAGTTGCATCCAT",0.895689476226363
"PRKCB","hs|16p12.1",3,"CCTCACTTTGATGTTGTTTTGCAAGATGTTTGTGGAAATGTTCATTTGTATCTGGATCTC",0.895689476226363
"PRKCB","hs|16p12.1",3,"CTTTAACAACTTGACAAATGTCCTTGAAGTAAGATGCCTCATCTTTAGGGAAAAATGGGG",0.895689476226363
"PRKCB","hs|16p12.1",3,"TTCAAGCTCAACGGCTATTGTGGTGACATTTTTATGTTTTCATTGCCAAGTTGCATCCAT",0.895689476226363
"PRKCB","hs|16p12.1",3,"CCTCACTTTGATGTTGTTTTGCAAGATGTTTGTGGAAATGTTCATTTGTATCTGGATCTC",0.895689476226363
"SCN3B","hs|11q24.1",3,"CCTCTACACCTGCAATGTGTCCCGGGAGTTTGAGTTTGAGGCGCATCGGCCCTTTGTGAA",0.898020702547425
"SCN3B","hs|11q24.1",3,"ACTTCACCTCTGTGGTCTCAGAAATCATGATGTACATCCTTCTGGTCTTCCTCACCTTGT",0.898020702547425
"SCN3B","hs|11q24.1",3,"AGGAGAGTGCATCTGAGACTGATATTTAAACTAAGAAAAATGTTTAGTCTGAGATGGATC",0.898020702547425
"SCN3B","hs|11q24.1",3,"CCTCTACACCTGCAATGTGTCCCGGGAGTTTGAGTTTGAGGCGCATCGGCCCTTTGTGAA",0.898020702547425
"SCN3B","hs|11q24.1",3,"ACTTCACCTCTGTGGTCTCAGAAATCATGATGTACATCCTTCTGGTCTTCCTCACCTTGT",0.898020702547425
"SCN3B","hs|11q24.1",3,"AGGAGAGTGCATCTGAGACTGATATTTAAACTAAGAAAAATGTTTAGTCTGAGATGGATC",0.898020702547425
"SCN3B","hs|11q24.1",3,"CCTCTACACCTGCAATGTGTCCCGGGAGTTTGAGTTTGAGGCGCATCGGCCCTTTGTGAA",0.898020702547425
"SCN3B","hs|11q24.1",3,"ACTTCACCTCTGTGGTCTCAGAAATCATGATGTACATCCTTCTGGTCTTCCTCACCTTGT",0.898020702547425
"SCN3B","hs|11q24.1",3,"AGGAGAGTGCATCTGAGACTGATATTTAAACTAAGAAAAATGTTTAGTCTGAGATGGATC",0.898020702547425
"TSPYL1","hs|6q22.1",3,"CCTAGTTCTCAGAAAGATTTAATGAGCAAATGGGAAAATGTCAAAAAGATTTGCAAAGCC",0.894596514033974
"TSPYL1","hs|6q22.1",3,"ACGAGGTCATCCTTCACACTACTTGTAAGCCAAGCAAATGATACTGTAGATTGTACTGCC",0.894596514033974
"TSPYL1","hs|6q22.1",3,"ACTATATTCCTAGAAACATAGTTTGAACAACTTGGTCTTTGTTAGGCTTGTCAAATTGCC",0.894596514033974
"TSPYL1","hs|6q22.1",3,"CCTAGTTCTCAGAAAGATTTAATGAGCAAATGGGAAAATGTCAAAAAGATTTGCAAAGCC",0.894596514033974
"TSPYL1","hs|6q22.1",3,"ACGAGGTCATCCTTCACACTACTTGTAAGCCAAGCAAATGATACTGTAGATTGTACTGCC",0.894596514033974
"TSPYL1","hs|6q22.1",3,"ACTATATTCCTAGAAACATAGTTTGAACAACTTGGTCTTTGTTAGGCTTGTCAAATTGCC",0.894596514033974
"TSPYL1","hs|6q22.1",3,"CCTAGTTCTCAGAAAGATTTAATGAGCAAATGGGAAAATGTCAAAAAGATTTGCAAAGCC",0.894596514033974
"TSPYL1","hs|6q22.1",3,"ACGAGGTCATCCTTCACACTACTTGTAAGCCAAGCAAATGATACTGTAGATTGTACTGCC",0.894596514033974
"TSPYL1","hs|6q22.1",3,"ACTATATTCCTAGAAACATAGTTTGAACAACTTGGTCTTTGTTAGGCTTGTCAAATTGCC",0.894596514033974
